{"episode_reward": [5.0, 6.0, 17.0, 15.0, 7.0, 9.0, 8.0, 14.0, 5.0, 4.0, 5.0, 13.0, 15.0, 2.0, 1.0, 8.0, 11.0, 25.0, 2.0, 11.0, 4.0, 2.0, 13.0, 7.0, 1.0, 10.0, 3.0, 14.0, 5.0, 13.0, 4.0], "nb_steps": [1001, 2002, 3003, 4004, 5005, 6006, 7007, 8008, 9009, 10010, 11011, 12012, 13013, 14014, 15015, 16016, 17017, 18018, 19019, 20020, 21021, 22022, 23023, 24024, 25025, 26026, 27027, 28028, 29029, 30030, 31031], "mean_absolute_error": [NaN, NaN, NaN, NaN, NaN, NaN, NaN, NaN, NaN, NaN, NaN, NaN, NaN, NaN, NaN, NaN, NaN, NaN, NaN, NaN, NaN, NaN, NaN, NaN, NaN, NaN, NaN, NaN, NaN, NaN, NaN], "loss": [NaN, NaN, NaN, NaN, NaN, NaN, NaN, NaN, NaN, NaN, NaN, NaN, NaN, NaN, NaN, NaN, NaN, NaN, NaN, NaN, NaN, NaN, NaN, NaN, NaN, NaN, NaN, NaN, NaN, NaN, NaN], "mean_eps": [NaN, NaN, NaN, NaN, NaN, NaN, NaN, NaN, NaN, NaN, NaN, NaN, NaN, NaN, NaN, NaN, NaN, NaN, NaN, NaN, NaN, NaN, NaN, NaN, NaN, NaN, NaN, NaN, NaN, NaN, NaN], "nb_episode_steps": [1001, 1001, 1001, 1001, 1001, 1001, 1001, 1001, 1001, 1001, 1001, 1001, 1001, 1001, 1001, 1001, 1001, 1001, 1001, 1001, 1001, 1001, 1001, 1001, 1001, 1001, 1001, 1001, 1001, 1001, 1001], "duration": [2.364132881164551, 1.9399919509887695, 1.9211671352386475, 1.9417309761047363, 1.9453270435333252, 1.9539921283721924, 1.9354729652404785, 1.928839921951294, 2.0988948345184326, 1.9070088863372803, 1.9189178943634033, 1.9446971416473389, 1.9618690013885498, 1.9305031299591064, 1.9909100532531738, 1.9369919300079346, 1.956773042678833, 1.9274871349334717, 1.9254429340362549, 1.9515068531036377, 1.9258999824523926, 1.9390389919281006, 1.945915937423706, 1.9414141178131104, 1.9726231098175049, 1.9471478462219238, 2.012091875076294, 1.9249579906463623, 1.9539248943328857, 1.965790033340454, 1.9632971286773682], "episode": [0, 1, 2, 3, 4, 5, 6, 7, 8, 9, 10, 11, 12, 13, 14, 15, 16, 17, 18, 19, 20, 21, 22, 23, 24, 25, 26, 27, 28, 29, 30], "mean_q": [NaN, NaN, NaN, NaN, NaN, NaN, NaN, NaN, NaN, NaN, NaN, NaN, NaN, NaN, NaN, NaN, NaN, NaN, NaN, NaN, NaN, NaN, NaN, NaN, NaN, NaN, NaN, NaN, NaN, NaN, NaN]}