{"initial_reset_timestamp": 1534564327.3558578, "timestamps": [1534564357.043159, 1534564386.1056373, 1534564413.9433343, 1534564441.9917676, 1534564471.8081295, 1534564500.6, 1534564529.162575, 1534564557.6765468, 1534564585.5333297, 1534564613.2178166, 1534564641.559854, 1534564669.0362847, 1534564698.5819669, 1534564727.8329828, 1534564756.1640596, 1534564784.30853, 1534564812.852373, 1534564840.9518144, 1534564869.5862458, 1534564898.7403314], "episode_lengths": [201, 201, 201, 201, 201, 201, 201, 201, 201, 201, 201, 201, 201, 201, 201, 201, 201, 201, 201, 201], "episode_rewards": [0.0, 0.0, 0.0, 0.0, 0.0, 0.0, 0.0, 0.0, 0.0, 0.0, 0.0, 0.0, 427.0, 0.0, 0.0, 0.0, 0.0, 705.0, 0.0, 125.0], "episode_types": ["t", "t", "t", "t", "t", "t", "t", "t", "t", "t", "t", "t", "t", "t", "t", "t", "t", "t", "t", "t"]}