{"episode_reward": [2950.0, 4532.0, 4816.0, 4724.0, 4142.0, 3515.0, 5447.0, 4865.0, 5156.0, 6289.0, 5527.0, 5588.0, 5202.0, 5659.0, 6301.0, 6858.0, 6260.0, 7877.0, 7274.0, 7632.0, 9273.0, 8978.0, 10401.0, 8690.0, 11048.0, 9089.0, 9053.0, 8620.0, 8056.0, 9830.0, 8039.0, 6778.0, 6384.0, 4913.0, 7219.0, 7020.0, 6818.0, 7628.0, 7243.0, 5202.0, 8771.0, 7810.0, 8937.0, 6648.0, 7878.0, 7539.0, 8402.0, 7435.0, 7925.0, 9821.0, 9595.0, 9053.0, 6811.0, 9379.0, 7986.0, 8566.0, 10835.0, 7594.0, 8747.0, 6595.0, 7541.0, 7738.0, 8404.0, 11585.0, 10096.0, 11039.0, 13467.0, 11987.0, 9601.0, 12989.0, 17949.0, 16972.0, 13152.0, 13373.0, 13395.0, 14137.0, 17917.0, 17267.0, 18390.0, 12225.0, 13510.0, 17895.0, 15166.0, 15918.0, 13215.0, 9236.0, 7584.0, 4034.0, 6927.0, 10189.0, 6649.0, 6745.0, 7616.0, 9273.0, 11526.0, 7597.0, 9733.0, 13006.0, 11006.0, 6394.0, 13096.0, 13458.0, 9579.0, 14402.0, 16157.0, 12018.0, 10211.0, 8678.0, 8674.0, 8548.0, 8152.0, 8359.0, 5539.0, 7933.0, 7746.0, 12154.0, 8762.0, 6019.0, 10300.0, 6957.0, 7533.0, 3394.0, 7651.0, 5659.0, 7043.0, 4848.0, 5441.0, 7671.0, 9247.0, 8490.0, 9967.0, 10198.0, 11183.0, 10563.0, 7260.0, 10988.0, 7645.0, 7484.0, 8972.0, 5384.0, 7014.0], "nb_steps": [10001, 20002, 30003, 40004, 50005, 60006, 70007, 80008, 90009, 100010, 110011, 120012, 130013, 140014, 150015, 160016, 170017, 180018, 190019, 200020, 210021, 220022, 230023, 240024, 250025, 260026, 270027, 280028, 290029, 300030, 310031, 320032, 330033, 340034, 350035, 360036, 370037, 380038, 390039, 400040, 410041, 420042, 430043, 440044, 450045, 460046, 470047, 480048, 490049, 500050, 510051, 520052, 530053, 540054, 550055, 560056, 570057, 580058, 590059, 600060, 610061, 620062, 630063, 640064, 650065, 660066, 670067, 680068, 690069, 700070, 710071, 720072, 730073, 740074, 750075, 760076, 770077, 780078, 790079, 800080, 810081, 820082, 830083, 840084, 850085, 860086, 870087, 880088, 890089, 900090, 910091, 920092, 930093, 940094, 950095, 960096, 970097, 980098, 990099, 1000100, 1010101, 1020102, 1030103, 1040104, 1050105, 1060106, 1070107, 1080108, 1090109, 1100110, 1110111, 1120112, 1130113, 1140114, 1150115, 1160116, 1170117, 1180118, 1190119, 1200120, 1210121, 1220122, 1230123, 1240124, 1250125, 1260126, 1270127, 1280128, 1290129, 1300130, 1310131, 1320132, 1330133, 1340134, 1350135, 1360136, 1370137, 1380138, 1390139, 1400140, 1410141], "mean_absolute_error": [NaN, NaN, NaN, NaN, 0.0054745301604270935, 0.2843415676217526, 0.7234298981487751, 1.4149881538391114, 2.287872430373554, 3.9063280441761017, 5.530720798778534, 8.060702194595336, 11.158116129959454, 15.576856839370727, 22.10403445587158, 29.876859381103515, 38.918612673491396, 51.541748608398436, 68.31338335876465, 88.55075165405273, 114.00098233716767, 142.45750233459472, 182.97924208374025, 225.23100900878907, 280.30295623449837, 351.93583032226564, 455.29142933349607, 613.6602695800781, 793.2757481724108, 993.1348290039062, 1171.4449825683594, 1325.6477949707032, 1483.9877366436237, 1631.9438059570311, 1721.4823919433593, 1803.799933544922, 1915.8746709324082, 2014.3197342773437, 2103.5225474609374, 2154.925182421875, 2216.5178697075858, 2313.6456786132812, 2377.846928125, 2449.613086328125, 2538.6182676343524, 2616.780571191406, 2724.8817384765625, 2807.100677050781, 2869.0479744625586, 2960.963901855469, 3050.450988671875, 3174.426887792969, 3261.988770897891, 3371.5850974609375, 3464.5800922851563, 3560.30800859375, 3681.0393197213302, 3818.041588671875, 3874.8681090820314, 4003.0214633789064, 4109.541929126787, 4216.152122753906, 4340.085810839843, 4440.549829296875, 4620.782935458629, 4792.889978320312, 5060.389342773437, 5507.3075359375, 6018.958506831642, 6596.913625390625, 7567.5679021484375, 8665.823304101563, 10137.432769470337, 11767.5737375, 13400.850175, 15199.129969140626, 16966.67867071921, 18625.1846671875, 19963.3957703125, 21724.28689609375, 23604.517068172732, 25898.55109296875, 28001.35966015625, 30516.6258796875, 32975.08257790634, 35649.66980546875, 38562.848609375, 41295.07338671875, 42645.789412360056, 45685.6949875, 47977.2235421875, 51331.5480625, 54950.948815786185, 56822.1374421875, 61998.2183921875, 63661.9066984375, 72274.87828462366, 76498.8862828125, 77228.260325, 89369.91110625, 94873.35608256697, 100949.2456578125, 109553.2489, 117590.60130625, 124811.9877955068, 137905.6896, 137620.214909375, 158601.123725, 178378.97669057376, 191132.8099125, 216148.492965625, 202523.8728875, 223797.31086940225, 244815.63119375, 251834.35394375, 266768.11749375, 300388.8294619652, 355829.71244375, 378151.39415625, 359955.465125, 444836.9686188025, 438259.843125, 415342.3503375, 453279.44259375, 502718.93467612955, 689203.90616875, 639685.1195, 521341.9320125, 590326.6532387045, 587129.2551, 617014.183025, 681311.3193125, 727170.1360955618, 726670.233025, 804306.84565, 864640.780475, 983385.7739654138, 986444.286, 1151436.533475, 1142543.749375, 1419244.1902239104], "loss": [NaN, NaN, NaN, NaN, 0.09681600332260132, 0.2417423483338207, 0.22600809209570288, 0.3284879726625979, 0.4331293822836275, 0.6763005056411028, 0.8999340695381165, 1.2135147013902665, 1.6182531765678891, 2.2208490765094755, 3.053430841207504, 3.7834180867671967, 4.687792585354622, 5.734744195842743, 7.17890075378418, 8.66635931968689, 10.430923992516945, 12.439035539627076, 15.09118709526062, 17.059075853729247, 20.400514042506167, 23.42223794784546, 28.327461281585695, 34.699379804229736, 38.321832534076215, 40.65731548461914, 41.76410202407837, 41.149519381713866, 41.24483108291717, 41.8805653213501, 41.38329631652832, 40.29228070449829, 38.226824464916184, 38.67650601196289, 37.93309593811035, 36.71161147460938, 38.944414011434, 39.79597137527466, 42.21878481597901, 40.79238277740478, 43.25575618598996, 44.027997596740725, 45.93826209869385, 44.98990444259643, 44.240431564800836, 48.90090562438965, 52.32666483764648, 53.74076873703003, 56.72141964518514, 59.32477063217163, 62.70406219024658, 64.61311923675537, 66.76806727641585, 71.14918917388916, 73.67529488143921, 77.76608414306641, 80.2935026528024, 84.47117124176026, 101.0133665298462, 108.42386356048584, 129.41505505494337, 149.0601179244995, 177.24767114868163, 215.58939709777832, 242.17831148180377, 279.95592012939454, 337.64068043212893, 370.19802640991213, 448.21400980013266, 546.9090064453125, 628.6340187133789, 751.9550828491211, 860.8735440272134, 924.154697265625, 936.2073097167969, 1044.106440979004, 1141.4577636962792, 1218.346281982422, 1361.0806339233397, 1467.3806514404296, 1578.4812095669545, 1719.8270094482423, 1878.7234551513673, 1989.0095407958984, 1904.8324470992852, 2280.317887207031, 2564.0798079833985, 3122.588390283203, 3381.4453138910453, 3167.1485212646485, 3990.9273052734375, 4156.0761015625, 5622.988141755017, 5616.536385644531, 5555.989566162109, 7312.070301611328, 7950.169733571415, 8011.340772216797, 9036.516472802734, 10076.366290429687, 12138.74035722625, 15428.416057128907, 13079.6132453125, 16407.882885644533, 21457.252673637577, 21770.786090722657, 24455.2619015625, 19839.315841210937, 22697.378352467607, 26020.55594169922, 27129.14386484375, 26313.5351921875, 34866.908355895925, 44327.298532421875, 47610.892505078125, 43648.44331035156, 58946.7764585572, 47252.68786796875, 43776.15649609375, 57782.14102109375, 48751.659667187814, 105995.15614355469, 89176.49523261719, 56246.613457421874, 87718.30522166133, 62032.1301328125, 74426.09654609374, 77417.37276484375, 62241.17246499837, 63838.648754296875, 75356.09257109374, 78949.4350421875, 118136.21488474922, 98902.29723671875, 127854.030934375, 133539.2370410156, 188179.76853555453],