{"episode_reward": [0.0, 0.0, 0.0, 0.0, 0.0, 0.0, 0.0, 0.0, 0.0, 0.0, 0.0, 0.0, 0.0, 0.0, 0.0, 0.0, 0.0, 0.0, 0.0, 0.0, 0.0, 0.0, 0.0, 0.0, 0.0, 0.0, 0.0, 0.0, 0.0, 0.0, 0.0, 0.0, 0.0, 0.0, 0.0, 0.0, 0.0, 0.0, 0.0, 0.0, 0.0, 0.0, 0.0, 0.0, 0.0, 0.0, 0.0, 0.0, 0.0, 0.0, 0.0, 0.0, 0.0, 0.0, 0.0, 0.0, 0.0, 0.0, 0.0, 0.0, 0.0, 0.0, 0.0, 0.0, 0.0, 0.0, 0.0, 0.0, 0.0, 0.0, 0.0, 0.0, 0.0, 0.0, 0.0, 0.0, 0.0, 0.0, 0.0, 0.0, 0.0, 0.0, 0.0, 0.0, 0.0, 0.0, 0.0, 0.0, 0.0, 0.0, 0.0, 0.0, 0.0, 0.0, 0.0, 0.0, 0.0, 0.0, 0.0, 0.0, 0.0, 0.0], "nb_steps": [1001, 2002, 3003, 4004, 5005, 6006, 7007, 8008, 9009, 10010, 11011, 12012, 13013, 14014, 15015, 16016, 17017, 18018, 19019, 20020, 21021, 22022, 23023, 24024, 25025, 26026, 27027, 28028, 29029, 30030, 31031, 32032, 33033, 34034, 35035, 36036, 37037, 38038, 39039, 40040, 41041, 42042, 43043, 44044, 45045, 46046, 47047, 48048, 49049, 50050, 51051, 52052, 53053, 54054, 55055, 56056, 57057, 58058, 59059, 60060, 61061, 62062, 63063, 64064, 65065, 66066, 67067, 68068, 69069, 70070, 71071, 72072, 73073, 74074, 75075, 76076, 77077, 78078, 79079, 80080, 81081, 82082, 83083, 84084, 85085, 86086, 87087, 88088, 89089, 90090, 91091, 92092, 93093, 94094, 95095, 96096, 97097, 98098, 99099, 100100, 101101, 102102], "mean_absolute_error": [NaN, NaN, NaN, NaN, NaN, NaN, NaN, NaN, NaN, NaN, NaN, NaN, NaN, NaN, NaN, NaN, NaN, NaN, NaN, NaN, NaN, NaN, NaN, NaN, NaN, NaN, NaN, NaN, NaN, NaN, NaN, NaN, NaN, NaN, NaN, NaN, NaN, NaN, NaN, NaN, NaN, NaN, NaN, NaN, NaN, NaN, NaN, NaN, NaN, 0.050481146511932216, 0.0731475251019001, 0.07402027049660682, 0.07374938814882263, 0.0739621769785881, 0.074014042198658, 0.07406674727797508, 0.07415288277118805, 0.07425919687747955, 0.07399558606743813, 0.07483029779791832, 0.08756881361582365, 0.08769494798779488, 0.0875082520544529, 0.08768829497694969, 0.0876314612736265, 0.0877629712820053, 0.08760197141766549, 0.08779615917801857, 0.08776692936263711, 0.08816905429959297, 0.09407047668099404, 0.09424692106246949, 0.0941532117971386, 0.09412389972805976, 0.09416985860466957, 0.09420387613773346, 0.09416753959014597, 0.0942390769124031, 0.09415581619739533, 0.09468798232078553, 0.10073493477476546, 0.10073334231972694, 0.1008002365231514, 0.10086394166946411, 0.10089142023923388, 0.10083430883288383, 0.10091076755523681, 0.10088346487283707, 0.10089487454805716, 0.10154925075173378, 0.10911591818928719, 0.1091996219754219, 0.10914052583544377, 0.10915593028068543, 0.10916817659139633, 0.10913058394193649, 0.1092834075786678, 0.10916461449861527, 0.10917727410793304, 0.10965669614076615, 0.1140470170523541, 0.11402756476402283], "loss": [NaN, NaN, NaN, NaN, NaN, NaN, NaN, NaN, NaN, NaN, NaN, NaN, NaN, NaN, NaN, NaN, NaN, NaN, NaN, NaN, NaN, NaN, NaN, NaN, NaN, NaN, NaN, NaN, NaN, NaN, NaN, NaN, NaN, NaN, NaN, NaN, NaN, NaN, NaN, NaN, NaN, NaN, NaN, NaN, NaN, NaN, NaN, NaN, NaN, 0.0013428678042449367, 9.67249759414699e-05, 4.774306296167197e-05, 4.1658439996640244e-05, 3.737233574065613e-05, 3.574069109890843e-05, 3.2163429212232586e-05, 2.9947282693531334e-05, 2.9074882932036416e-05, 3.101771881483728e-05, 2.9275325701746623e-05, 1.3418845370266586e-05, 1.0943417603812123e-05, 1.2843979097851843e-05, 9.176740299153608e-06, 8.312764289275874e-06, 1.0269628716741864e-05, 9.997427156122284e-06, 7.402546627417905e-06, 1.0055690314670592e-05, 8.251018601185933e-06, 1.076353786720574e-05, 5.807091269616649e-06, 6.6886970052765826e-06, 7.759923261346557e-06, 7.352215452556265e-06, 3.937955192213849e-06, 8.073142396596271e-06, 4.466055696866533e-06, 8.279974132619827e-06, 7.013333990926185e-06, 8.285037916626984e-06, 7.551064109520667e-06, 7.334532241657144e-06, 6.432654748095956e-06, 6.065605980692348e-06, 5.92016885002522e-06, 6.344730180444458e-06, 6.344448253003066e-06, 5.353377626947967e-06, 9.813398342430446e-06, 8.518842256762582e-06, 6.189355351125414e-06, 8.756803678926622e-06, 6.689282619618098e-06, 7.427060404097574e-06, 9.203570587715148e-06, 5.335557415332643e-06, 7.701663545503834e-06, 9.88225821015476e-06, 8.776114704915017e-06, 4.6459515492624705e-06, 6.720074439726886e-06], "mean_eps": [NaN, NaN, NaN, NaN, NaN, NaN, NaN, NaN, NaN, NaN, NaN, NaN, NaN, NaN, NaN, NaN, NaN, NaN, NaN, NaN, NaN, NaN, NaN, NaN, NaN, NaN, NaN, NaN, NaN, NaN, NaN, NaN, NaN, NaN, NaN, NaN, NaN, NaN, NaN, NaN, NaN, NaN, NaN, NaN, NaN, NaN, NaN, NaN, NaN, 0.9549766000000001, 0.954505, 0.9536050000000001, 0.9527032000000004, 0.9518014000000004, 0.9509014, 0.9500013999999999, 0.9490995999999997, 0.9481977999999996, 0.9472977999999999, 0.9463978, 0.9454960000000001, 0.9445941999999999, 0.9436942000000001, 0.9427942000000002, 0.9418924000000003, 0.9409906, 0.9400906, 0.9391905999999998, 0.9382887999999996, 0.9373869999999997, 0.936487, 0.935587, 0.9346851999999999, 0.9337834, 0.9328834000000003, 0.9319834000000004, 0.9310816000000001, 0.9301798000000001, 0.9292797999999999, 0.9283797999999998, 0.9274779999999999, 0.9265762, 0.9256761999999998, 0.9247762, 0.9238744000000002, 0.9229726000000003, 0.9220726000000002, 0.9211726000000001, 0.9202708, 0.9193689999999998, 0.9184689999999996, 0.9175689999999997, 0.9166672, 0.9157653999999997, 0.9148654, 0.9139654000000003, 0.9130636000000001, 0.9121618000000002, 0.9112618000000003, 0.9103618000000001, 0.9094599999999998, 0.9085581999999996], "nb_episode_steps": [1001, 1001, 1001, 1001, 1001, 1001, 1001, 1001, 1001, 1001, 1001, 1001, 1001, 1001, 1001, 1001, 1001, 1001, 1001, 1001, 1001, 1001, 1001, 1001, 1001, 1001, 1001, 1001, 1001, 1001, 1001, 1001, 1001, 1001, 1001, 1001, 1001, 1001, 1001, 1001, 1001, 1001, 1001, 1001, 1001, 1001, 1001, 1001, 1001, 1001, 1001, 1001, 1001, 1001, 1001, 1001, 1001, 1001, 1001, 1001, 1001, 1001, 1001, 1001, 1001, 1001, 1001, 1001, 1001, 1001, 1001, 1001, 1001, 1001, 1001, 1001, 1001, 1001, 1001, 1001, 1001, 1001, 1001, 1001, 1001, 1001, 1001, 1001, 1001, 1001, 1001, 1001, 1001, 1001, 1001, 1001, 1001, 1001, 1001, 1001, 1001, 1001], "duration": [2.3560099601745605, 1.9393229484558105, 1.9895319938659668, 1.9018850326538086, 2.015697956085205, 1.9678521156311035, 1.9673068523406982, 1.9338250160217285, 1.9803040027618408, 1.994549036026001, 1.9952621459960938, 1.95684814453125, 1.9763801097869873, 1.9510409832000732, 2.026201009750366, 2.0109310150146484, 1.9870810508728027, 1.973280906677246, 1.9902260303497314, 1.9751698970794678, 1.9520068168640137, 1.9349970817565918, 1.9851038455963135, 1.9720211029052734, 2.010011911392212, 2.0170390605926514, 1.9895319938659668, 1.960880994796753, 1.982029914855957, 1.9592950344085693, 1.974236011505127, 1.9873080253601074, 2.005887031555176, 2.0524709224700928, 1.9678089618682861, 1.9798760414123535, 2.006175994873047, 2.0062880516052246, 1.9950060844421387, 1.9758539199829102, 1.9572291374206543, 1.9540410041809082, 2.066019058227539, 2.0033411979675293, 2.024441957473755, 1.9741108417510986, 1.961075782775879, 1.9932208061218262, 1.9664390087127686, 2.3824760913848877, 3.701446771621704, 3.4384288787841797, 3.636291027069092, 3.70375394821167, 3.671623945236206, 3.45146107673645, 3.6225950717926025, 3.578181028366089, 3.3784871101379395, 2.937558889389038, 3.253704786300659, 3.8561270236968994, 3.712641954421997, 3.7308201789855957, 3.8383350372314453, 3.8443551063537598, 3.708733081817627, 3.83854603767395, 3.652266025543213, 3.5418410301208496, 3.4686357975006104, 3.557558059692383, 3.6630489826202393, 3.469265937805176, 3.8244919776916504, 3.7226099967956543, 3.5938539505004883, 3.902708053588867, 3.8826138973236084, 3.9193930625915527, 3.896775960922241, 3.7272040843963623, 3.522432804107666, 4.052654027938843, 3.679476022720337, 3.509446144104004, 3.841691017150879, 3.7624130249023438, 3.527961015701294, 3.312831163406372, 3.6339569091796875, 3.818398952484131, 3.4958369731903076, 3.816823959350586, 3.327200174331665, 3.5390138626098633, 4.1282079219818115, 3.865609884262085, 3.7125980854034424, 3.5541021823883057, 3.4929659366607666, 3.5211360454559326],